{"cameraMode":{"drawMode":0,"name":"Shaded","section":"Shading Mode"},"sceneLighting":true,"audioPlay":false,"sceneViewState":{"showFog":true,"showMaterialUpdate":false,"showSkybox":true,"showFlares":true,"showImageEffects":true,"showParticleSystems":true},"in2DMode":false,"pivot":{"x":12.888660430908204,"y":0.700434684753418,"z":0.8063898086547852},"rotation":{"x":0.1792854219675064,"y":-0.1687888354063034,"z":0.03124741092324257,"w":0.9687483310699463},"size":12.853934288024903,"orthographic":false}