{"cameraMode":{"drawMode":0,"name":"Shaded","section":"Shading Mode"},"sceneLighting":false,"audioPlay":false,"sceneViewState":{"showFog":false,"showMaterialUpdate":false,"showSkybox":false,"showFlares":false,"showImageEffects":false,"showParticleSystems":false},"in2DMode":false,"pivot":{"x":10.550080299377442,"y":1.617041826248169,"z":-1.3526586294174195},"rotation":{"x":0.07842028141021729,"y":-0.7188816070556641,"z":0.08243951946496964,"w":0.6860783696174622},"size":3.2278730869293215,"orthographic":false}