{"cameraMode":{"drawMode":0,"name":"Shaded","section":"Shading Mode"},"sceneLighting":false,"audioPlay":false,"sceneViewState":{"showFog":false,"showMaterialUpdate":false,"showSkybox":false,"showFlares":false,"showImageEffects":false,"showParticleSystems":false},"in2DMode":false,"pivot":{"x":0.8123909831047058,"y":3.94488263130188,"z":0.07523512840270996},"rotation":{"x":0.1969500482082367,"y":0.14239685237407685,"z":-0.028913358226418496,"w":0.9696002006530762},"size":4.172325134277344,"orthographic":false}