{"cameraMode":{"drawMode":0,"name":"Shaded","section":"Shading Mode"},"sceneLighting":true,"audioPlay":false,"sceneViewState":{"showFog":true,"showMaterialUpdate":false,"showSkybox":true,"showFlares":true,"showImageEffects":true,"showParticleSystems":true},"in2DMode":false,"pivot":{"x":12.797999382019043,"y":1.2738534212112427,"z":2.1989996433258058},"rotation":{"x":0.13679558038711549,"y":0.0504923090338707,"z":-0.007003237493336201,"w":0.9893543124198914},"size":2.0692107677459719,"orthographic":true}