{"cameraMode":{"drawMode":0,"name":"Shaded","section":"Shading Mode"},"sceneLighting":false,"audioPlay":false,"sceneViewState":{"showFog":false,"showMaterialUpdate":false,"showSkybox":false,"showFlares":false,"showImageEffects":false,"showParticleSystems":false},"in2DMode":false,"pivot":{"x":13.562854766845704,"y":-0.27458348870277407,"z":-1.4068841934204102},"rotation":{"x":-0.4624963700771332,"y":-0.35535016655921938,"z":0.20940455794334413,"w":-0.7848515510559082},"size":0.7447366118431091,"orthographic":false}