{"cameraMode":{"drawMode":0,"name":"Shaded","section":"Shading Mode"},"sceneLighting":false,"audioPlay":false,"sceneViewState":{"showFog":true,"showMaterialUpdate":false,"showSkybox":true,"showFlares":true,"showImageEffects":true,"showParticleSystems":true},"in2DMode":false,"pivot":{"x":11.430999755859375,"y":3.7100000381469728,"z":-1.0372695922851563},"rotation":{"x":-0.05059967562556267,"y":-0.7472410798072815,"z":0.05727583169937134,"w":-0.6601454615592957},"size":0.5715773701667786,"orthographic":false}