{"cameraMode":{"drawMode":0,"name":"Shaded","section":"Shading Mode"},"sceneLighting":false,"audioPlay":false,"sceneViewState":{"showFog":true,"showMaterialUpdate":false,"showSkybox":true,"showFlares":true,"showImageEffects":true,"showParticleSystems":true},"in2DMode":false,"pivot":{"x":-0.0804980993270874,"y":0.8557300567626953,"z":-0.48243236541748049},"rotation":{"x":-0.16712017357349397,"y":0.24473664164543153,"z":-0.04286777973175049,"w":-0.9541178941726685},"size":14.947907447814942,"orthographic":false}