{"cameraMode":{"drawMode":0,"name":"Shaded","section":"Shading Mode"},"sceneLighting":false,"audioPlay":false,"sceneViewState":{"showFog":false,"showMaterialUpdate":false,"showSkybox":false,"showFlares":false,"showImageEffects":false,"showParticleSystems":false},"in2DMode":false,"pivot":{"x":22.3454647064209,"y":0.8493778705596924,"z":-15.91080379486084},"rotation":{"x":0.1546303629875183,"y":0.5486496686935425,"z":-0.10409457981586456,"w":0.815008282661438},"size":5.445234775543213,"orthographic":false}