{"cameraMode":{"drawMode":0,"name":"Shaded","section":"Shading Mode"},"sceneLighting":true,"audioPlay":false,"sceneViewState":{"showFog":true,"showMaterialUpdate":false,"showSkybox":true,"showFlares":true,"showImageEffects":true,"showParticleSystems":true},"in2DMode":false,"pivot":{"x":12.629422187805176,"y":1.066007375717163,"z":-0.07386589050292969},"rotation":{"x":0.18787932395935059,"y":-0.01381721068173647,"z":0.0026465142145752908,"w":0.9821960926055908},"size":2.9144420623779299,"orthographic":false}